{
  "anuppuccin-theme-settings@@anp-colorful-frame-opacity": 1,
  "anuppuccin-theme-settings@@anp-alt-rainbow-style": "anp-full-rainbow-color-toggle",
  "anuppuccin-theme-settings@@anp-status-bar-select": "anp-floating-status-bar",
  "anuppuccin-theme-settings@@anp-alt-tab-style": "anp-alternate-tab-toggle",
  "anuppuccin-theme-settings@@anp-layout-select": "anp-card-layout",
  "anuppuccin-theme-settings@@anp-card-shadows": true,
  "anuppuccin-theme-settings@@anp-card-layout-actions": true,
  "anuppuccin-theme-settings@@anp-card-layout-filebrowser": true,
  "anuppuccin-theme-settings@@anp-active-line": "anp-current-line",
  "anuppuccin-theme-settings@@anp-callout-select": "anp-callout-block",
  "anuppuccin-theme-settings@@anp-callout-color-toggle": true,
  "anuppuccin-theme-settings@@anp-custom-checkboxes": true,
  "anuppuccin-theme-settings@@anp-speech-bubble": true,
  "anuppuccin-theme-settings@@anp-toggle-scrollbars": true,
  "anuppuccin-theme-settings@@anp-header-color-toggle": true,
"anuppuccin-theme-settings-extended@@anp-theme-ext-light": true,
  "anuppuccin-theme-settings-extended@@anp-theme-ext-dark": true,
  "anuppuccin-theme-settings-extended@@catppuccin-theme-extended": "ctp-luminescence-light",
  "anuppuccin-theme-settings-extended@@catppuccin-theme-dark-extended": "ctp-everforest-dark"
}