{
  "anuppuccin-theme-settings@@anuppuccin-light-theme-accents": "none",
  "anuppuccin-theme-settings@@ctp-custom-crust@@dark": "#37543E",
  "anuppuccin-theme-settings@@anp-background-image-toggle": true,
  "anuppuccin-theme-settings@@anp-background-image-light": "url(\"https://w.wallhaven.cc/full/qz/wallhaven-qz3l7d.jpg\")",
  "anuppuccin-theme-settings@@anp-custom-bg-brightness-light": 0.55,
  "anuppuccin-theme-settings@@anp-custom-bg-blur-light": 3,
  "anuppuccin-theme-settings@@anp-custom-bg-card-fg-opacity-light": 0.3,
  "anuppuccin-theme-settings@@anp-background-image-dark": "url(\"https://w.wallhaven.cc/full/qz/wallhaven-qz3l7d.jpg\")",
  "anuppuccin-theme-settings@@anp-custom-bg-brightness-dark": 1,
  "anuppuccin-theme-settings@@anp-custom-bg-blur-dark": 1,
  "anuppuccin-theme-settings@@anp-custom-bg-card-fg-opacity-dark": 0.7,
  "anuppuccin-theme-settings@@anp-alt-rainbow-style": "anp-full-rainbow-color-toggle",
  "anuppuccin-theme-settings@@anp-alt-tab-style": "anp-alternate-tab-toggle",
  "anuppuccin-theme-settings@@anp-disable-newtab-align": true,
  "anuppuccin-theme-settings@@anp-layout-select": "anp-card-layout",
  "anuppuccin-theme-settings@@anp-hide-borders": true,
  "anuppuccin-theme-settings@@anp-card-shadows": true,
  "anuppuccin-theme-settings@@anp-card-layout-actions": true,
  "anuppuccin-theme-settings@@anp-card-layout-filebrowser": true,
  "anuppuccin-theme-settings-extended@@anp-theme-ext-light": true,
  "anuppuccin-theme-settings-extended@@anp-theme-ext-dark": true,
  "anuppuccin-theme-settings-extended@@catppuccin-theme-extended": "ctp-everforest-light",
  "anuppuccin-theme-settings-extended@@catppuccin-theme-dark-extended": "ctp-material-mint-dark",
  "anuppuccin-theme-settings@@anp-active-line": "anp-current-line",
  "anuppuccin-theme-settings@@anp-callout-select": "anp-callout-block",
  "anuppuccin-theme-settings@@anp-custom-checkboxes": true,
  "anuppuccin-theme-settings@@anp-speech-bubble": true
}
