{
  "anuppuccin-theme-settings@@anp-background-image-toggle": true,
  "anuppuccin-theme-settings@@anp-custom-bg-blur-light": 5,
  "anuppuccin-theme-settings@@anp-custom-bg-card-fg-opacity-light": 0.4,
  "anuppuccin-theme-settings@@anp-background-image-dark": "url(\"https://w.wallhaven.cc/full/vq/wallhaven-vqojj8.jpg\")",
  "anuppuccin-theme-settings@@anp-custom-bg-brightness-dark": 0.8,
  "anuppuccin-theme-settings@@anp-custom-bg-card-fg-opacity-dark": 0.6,
  "anuppuccin-theme-settings@@anp-colorful-frame-opacity": 1,
  "anuppuccin-theme-settings@@anp-alt-rainbow-style": "anp-full-rainbow-color-toggle",
  "anuppuccin-theme-settings@@anp-status-bar-select": "anp-floating-status-bar",
  "anuppuccin-theme-settings@@anp-alt-tab-style": "anp-alternate-tab-toggle",
  "anuppuccin-theme-settings@@anp-disable-newtab-align": true,
  "anuppuccin-theme-settings@@anp-layout-select": "anp-card-layout",
  "anuppuccin-theme-settings@@anp-hide-borders": true,
  "anuppuccin-theme-settings@@anp-card-layout-padding": 6,
  "anuppuccin-theme-settings@@anp-card-shadows": true,
  "anuppuccin-theme-settings@@anp-card-layout-actions": true,
  "anuppuccin-theme-settings@@anp-card-layout-filebrowser": true,
  "anuppuccin-theme-settings@@anuppuccin-theme-dark": "ctp-mocha-old",
  "anuppuccin-theme-settings@@ctp-custom-overlay2@@dark": "#F0D6FF",
  "anuppuccin-theme-settings@@anp-active-line": "anp-current-line",
  "anuppuccin-theme-settings@@anp-callout-select": "anp-callout-block",
  "anuppuccin-theme-settings@@anp-callout-color-toggle": true,
  "anuppuccin-theme-settings@@callout-radius": 6,
  "anuppuccin-theme-settings@@anp-custom-checkboxes": true,
  "anuppuccin-theme-settings@@anp-speech-bubble": true,
  "anuppuccin-theme-settings@@anp-codeblock-numbers": true,
  "anuppuccin-theme-settings@@anp-table-toggle": true,
  "anuppuccin-theme-settings@@anp-table-auto": true,
  "anuppuccin-theme-settings@@anp-th-highlight": true,
  "anuppuccin-theme-settings@@anp-td-highlight": "anp-td-alt-rows",
  "anuppuccin-theme-settings@@anp-table-highlight-opacity": 1,
  "anuppuccin-theme-settings@@blockquote-style-change-options": "blockquote-style-border-left",
  "anuppuccin-theme-settings@@anp-toggle-scrollbars": true,
  "anuppuccin-theme-settings@@anp-header-color-toggle": true,
  "anuppuccin-theme-settings-extended@@anp-theme-ext-light": true,
  "anuppuccin-theme-settings-extended@@anp-theme-ext-dark": true,
  "anuppuccin-theme-settings-extended@@catppuccin-theme-extended": "ctp-notion-light",
  "anuppuccin-theme-settings-extended@@catppuccin-theme-dark-extended": "ctp-rosepine-dark"
}